Second,Stock_value
1,77.44539475
2,77.04557544
3,74.89697204
4,75.856461
5,75.09194679
6,76.20263178
7,75.2301837
8,73.84891755
9,75.0113527
10,77.14481412